115646	1M5005_Spy0106 rofA Transcriptional regulator NS 	C	T
116162	1M5005_Spy0106 rofA Transcriptional regulator NS 	A	C
116163	1M5005_Spy0106 rofA Transcriptional regulator NS 	C	A
250832	1M5005_Spy0243 ABC transporter-associated protein S 	T	C
513254	1M5005_Spy0525 galactose-6-phosphate isomerase LacB subunit NS 	G	T
528360	1Intergenic - - 	A	T
563631	1M5005_Spy0566 sagE streptolysin S putative self-immunity protein NS 	G	A
613633	1M5005_Spy0609 phosphoglycerol transferase NS 	T	C
626494	1M5005_Spy0623 methyltransferase S 	G	A
661707	1M5005_Spy0656 trmD tRNA (guanine-N(1)-)-methyltransferase NS 	G	A
730823	1M5005_Spy0727 recJ single-stranded-DNA-specific exonuclease NS 	C	T
784467	1M5005_Spy0779 putative membrane spanning protein S 	T	C
819098	1M5005_Spy0825 murB UDP-N-acetylenolpyruvoylglucosamine reductase NS 	G	A
923079	1M5005_Spy0933 putative NADH-dependent flavin oxidoreductase NS 	G	A
942633	1M5005_Spy0951 pstB phosphate transport ATP-binding protein NS 	G	T
983438	1Intergenic - - 	G	C
1082253	M5005_Spy1108 metK2 S-adenosylmethionine synthetase NS 	C	T
1238124	M5005_Spy1282 msrA peptide methionine sulfoxide reductase NS 	G	A
1238673	M5005_Spy1283 tlpA thiol:disulfide interchange protein NS 	G	A
1251193	M5005_Spy1293 hypothetical protein NS 	G	A
1373176	M5005_Spy1400 PTS system, galactose-specific IIB component NS 	C	A
1407497	M5005_Spy1439 portal protein NS 	C	T
1446116	M5005_Spy1490 3-oxoacyl-[acyl-carrier protein] reductase S 	C	T
1535209	Intergenic - - 	A	G
1702540	M5005_Spy1714 gldA glycerol dehydrogenase STOP 	C	T
1734749	M5005_Spy1772 glutamate formimidoyltransferase NS 	G	A
1828734	M5005_Spy1860 putative membrane spanning protein NS 	G	A
